league,team,season,games,wins,draws,losses,pts_total,avg_res_for_game,League,Team,players_amount,avg_age,foreign_players_amount,team_cost_dif,total_cost,year_of_foundation
Bundesliga,BV Borussia 09 Dortmund,2021-2022,34,22,3,9,85.0,2.0294117647058822,Bundesliga,BV Borussia 09 Dortmund,44.0,24.5,25.0,12700000.0,558980000.0,1909
Bundesliga,BV Borussia 09 Dortmund,2022-2023,34,22,5,7,83.0,2.088235294117647,Bundesliga,BV Borussia 09 Dortmund,37.0,25.1,19.0,15340000.0,567550000.0,1909
Bundesliga,BV Borussia 09 Dortmund,2023-2024,34,18,9,7,68.0,1.8529411764705883,Bundesliga,BV Borussia 09 Dortmund,36.0,25.6,17.0,13740000.0,494800000.0,1909
Bundesliga,BV Borussia 09 Dortmund,2024-2025,34,17,6,11,71.0,1.6764705882352942,Bundesliga,BV Borussia 09 Dortmund,43.0,24.1,23.0,11820000.0,508280000.0,1909
Bundesliga,Bayer 04 Leverkusen,2021-2022,34,19,7,8,80.0,1.8823529411764703,Bundesliga,Bayer 04 Leverkusen,35.0,25.1,25.0,13000000.0,455050000.0,1904
Bundesliga,Bayer 04 Leverkusen,2022-2023,34,14,8,12,57.0,1.4705882352941178,Bundesliga,Bayer 04 Leverkusen,35.0,24.8,25.0,12930000.0,452500000.0,1904
Bundesliga,Bayer 04 Leverkusen,2023-2024,34,28,6,0,89.0,2.6470588235294117,Bundesliga,Bayer 04 Leverkusen,32.0,24.9,23.0,20570000.0,658350000.0,1904
Bundesliga,Bayer 04 Leverkusen,2024-2025,34,19,12,3,72.0,2.0294117647058822,Bundesliga,Bayer 04 Leverkusen,34.0,25.1,25.0,18330000.0,623350000.0,1904
Bundesliga,Borussia Mönchengladbach,2021-2022,33,11,9,13,52.0,1.2727272727272727,Bundesliga,Borussia Mönchengladbach,31.0,25.8,14.0,7640000.0,236800000.0,1900
Bundesliga,Borussia Mönchengladbach,2022-2023,34,11,10,13,52.0,1.2647058823529411,Bundesliga,Borussia Mönchengladbach,35.0,25.9,16.0,6910000.0,241680000.0,1900
Bundesliga,Borussia Mönchengladbach,2023-2024,34,7,13,14,56.0,1.0,Bundesliga,Borussia Mönchengladbach,33.0,26.0,18.0,5010000.0,165230000.0,1900
Bundesliga,Borussia Mönchengladbach,2024-2025,34,13,6,15,55.0,1.3235294117647058,Bundesliga,Borussia Mönchengladbach,31.0,25.7,17.0,6050000.0,187500000.0,1900
Bundesliga,DSC Arminia Bielefeld,2021-2022,34,5,13,16,27.0,0.8235294117647058,Bundesliga,DSC Arminia Bielefeld,34.0,25.1,20.0,1940000.0,65850000.0,1905
Bundesliga,Eintracht Frankfurt,2021-2022,34,10,12,12,45.0,1.2352941176470589,Bundesliga,Eintracht Frankfurt,36.0,25.7,23.0,6350000.0,228750000.0,1899
Bundesliga,Eintracht Frankfurt,2022-2023,34,13,11,10,58.0,1.4705882352941178,Bundesliga,Eintracht Frankfurt,36.0,25.6,22.0,9020000.0,324550000.0,1899
Bundesliga,Eintracht Frankfurt,2023-2024,34,11,14,9,51.0,1.3823529411764706,Bundesliga,Eintracht Frankfurt,46.0,24.7,28.0,7100000.0,326650000.0,1899
Bundesliga,Eintracht Frankfurt,2024-2025,34,17,9,8,68.0,1.7647058823529411,Bundesliga,Eintracht Frankfurt,33.0,24.6,24.0,13070000.0,431250000.0,1899
Bundesliga,FC Augsburg,2021-2022,34,10,8,16,39.0,1.1176470588235294,Bundesliga,FC Augsburg,32.0,26.0,20.0,2980000.0,95300000.0,1907
Bundesliga,FC Augsburg,2022-2023,34,9,7,18,42.0,1.0,Bundesliga,FC Augsburg,42.0,25.6,25.0,3150000.0,132230000.0,1907
Bundesliga,FC Augsburg,2023-2024,34,10,9,15,50.0,1.1470588235294117,Bundesliga,FC Augsburg,38.0,25.6,24.0,3710000.0,140800000.0,1907
Bundesliga,FC Augsburg,2024-2025,34,11,10,13,35.0,1.2647058823529411,Bundesliga,FC Augsburg,36.0,26.0,20.0,4410000.0,158880000.0,1907
Bundesliga,FC Bayern München,2021-2022,34,24,5,5,97.0,2.264705882352941,Bundesliga,FC Bayern München,38.0,25.2,20.0,20800000.0,790330000.0,1900
Bundesliga,FC Bayern München,2022-2023,34,21,8,5,92.0,2.088235294117647,Bundesliga,FC Bayern München,35.0,25.7,22.0,27110000.0,948950000.0,1900
Bundesliga,FC Bayern München,2023-2024,34,23,3,8,94.0,2.1176470588235294,Bundesliga,FC Bayern München,39.0,25.2,23.0,24750000.0,965150000.0,1900
Bundesliga,FC Bayern München,2024-2025,34,25,7,2,99.0,2.411764705882353,Bundesliga,FC Bayern München,43.0,24.6,22.0,22180000.0,953550000.0,1900
Bundesliga,FC Schalke 04,2022-2023,34,7,10,17,35.0,0.9117647058823528,Bundesliga,FC Schalke 04,43.0,26.9,22.0,2040000.0,87780000.0,1904
Bundesliga,FC St. Pauli 1910,2024-2025,34,8,8,18,28.0,0.9411764705882352,Bundesliga,FC St. Pauli 1910,38.0,26.5,21.0,1730000.0,65780000.0,1910
Bundesliga,Holstein Kiel,2024-2025,34,6,7,21,49.0,0.7352941176470589,Bundesliga,Holstein Kiel,30.0,26.6,12.0,1570000.0,47130000.0,1900
Bundesliga,RB Leipzig,2021-2022,34,17,7,10,72.0,1.7058823529411764,Bundesliga,RB Leipzig,34.0,24.3,23.0,14680000.0,498950000.0,2009
Bundesliga,RB Leipzig,2022-2023,34,20,6,8,64.0,1.9411764705882353,Bundesliga,RB Leipzig,29.0,26.0,19.0,16770000.0,486400000.0,2009
Bundesliga,RB Leipzig,2023-2024,34,19,8,7,77.0,1.911764705882353,Bundesliga,RB Leipzig,32.0,25.2,22.0,17040000.0,545400000.0,2009
Bundesliga,RB Leipzig,2024-2025,34,13,12,9,53.0,1.5,Bundesliga,RB Leipzig,37.0,23.9,23.0,13880000.0,513700000.0,2009
Bundesliga,SC Freiburg,2021-2022,34,15,10,9,58.0,1.6176470588235294,Bundesliga,SC Freiburg,32.0,25.5,12.0,5510000.0,176350000.0,1904
Bundesliga,SC Freiburg,2022-2023,34,17,8,9,51.0,1.7352941176470589,Bundesliga,SC Freiburg,29.0,26.5,11.0,6930000.0,200950000.0,1904
Bundesliga,SC Freiburg,2023-2024,34,11,9,14,45.0,1.2352941176470589,Bundesliga,SC Freiburg,34.0,26.3,13.0,5300000.0,180350000.0,1904
Bundesliga,SC Freiburg,2024-2025,34,16,7,11,49.0,1.6176470588235294,Bundesliga,SC Freiburg,31.0,27.2,13.0,6010000.0,186200000.0,1904
Bundesliga,SV Darmstadt 98,2023-2024,34,3,8,23,30.0,0.5,Bundesliga,SV Darmstadt 98,34.0,27.0,14.0,1140000.0,38700000.0,1898
Bundesliga,SV Werder Bremen,2022-2023,34,10,6,18,51.0,1.0588235294117647,Bundesliga,SV Werder Bremen,33.0,25.2,12.0,2710000.0,89500000.0,1899
Bundesliga,SV Werder Bremen,2023-2024,34,11,9,14,48.0,1.2352941176470589,Bundesliga,SV Werder Bremen,35.0,26.4,19.0,3860000.0,134930000.0,1899
Bundesliga,SV Werder Bremen,2024-2025,34,14,9,11,54.0,1.5,Bundesliga,SV Werder Bremen,33.0,25.9,17.0,4000000.0,132000000.0,1899
Bundesliga,SpVgg Greuther Fürth 1903,2021-2022,34,3,9,22,28.0,0.5294117647058824,Bundesliga,SpVgg Greuther Fürth 1903,34.0,25.1,16.0,1090000.0,36950000.0,Nan
Bundesliga,TSG 1899 Hoffenheim,2021-2022,34,13,7,14,58.0,1.3529411764705883,Bundesliga,TSG 1899 Hoffenheim,40.0,25.3,22.0,5290000.0,211430000.0,1899
Bundesliga,TSG 1899 Hoffenheim,2022-2023,34,10,6,18,48.0,1.0588235294117647,Bundesliga,TSG 1899 Hoffenheim,37.0,26.2,22.0,4830000.0,178800000.0,1899
Bundesliga,TSG 1899 Hoffenheim,2023-2024,34,13,7,14,66.0,1.3529411764705883,Bundesliga,TSG 1899 Hoffenheim,34.0,26.1,14.0,5180000.0,176000000.0,1899
Bundesliga,TSG 1899 Hoffenheim,2024-2025,34,7,11,16,46.0,0.9411764705882352,Bundesliga,TSG 1899 Hoffenheim,48.0,25.1,27.0,3900000.0,187100000.0,1899
Bundesliga,VfB Stuttgart,2021-2022,34,7,12,15,41.0,0.9705882352941176,Bundesliga,VfB Stuttgart,39.0,24.0,23.0,4470000.0,174230000.0,1893
Bundesliga,VfB Stuttgart,2022-2023,34,7,12,15,45.0,0.9705882352941176,Bundesliga,VfB Stuttgart,39.0,23.7,23.0,3870000.0,151050000.0,1893
Bundesliga,VfB Stuttgart,2023-2024,34,23,4,7,78.0,2.1470588235294117,Bundesliga,VfB Stuttgart,38.0,24.4,19.0,9120000.0,346630000.0,1893
Bundesliga,VfB Stuttgart,2024-2025,34,14,8,12,64.0,1.4705882352941178,Bundesliga,VfB Stuttgart,39.0,24.2,18.0,9360000.0,365230000.0,1893
Bundesliga,VfL Bochum 1848,2021-2022,33,12,6,15,38.0,1.2727272727272727,Bundesliga,VfL Bochum 1848,33.0,27.7,17.0,1580000.0,52250000.0,Nan
Bundesliga,VfL Bochum 1848,2022-2023,34,10,5,19,40.0,1.0294117647058822,Bundesliga,VfL Bochum 1848,32.0,28.3,18.0,1680000.0,53700000.0,Nan
Bundesliga,VfL Bochum 1848,2023-2024,34,7,12,15,42.0,0.9705882352941176,Bundesliga,VfL Bochum 1848,34.0,28.3,15.0,1900000.0,64530000.0,Nan
Bundesliga,VfL Bochum 1848,2024-2025,33,5,7,21,31.0,0.6666666666666666,Bundesliga,VfL Bochum 1848,33.0,27.0,16.0,1730000.0,57100000.0,Nan
Bundesliga,VfL Wolfsburg,2021-2022,34,12,6,16,43.0,1.2352941176470589,Bundesliga,VfL Wolfsburg,37.0,25.7,24.0,7280000.0,269300000.0,1945
Bundesliga,VfL Wolfsburg,2022-2023,34,13,10,11,57.0,1.4411764705882353,Bundesliga,VfL Wolfsburg,33.0,25.1,20.0,7220000.0,238300000.0,1945
Bundesliga,VfL Wolfsburg,2023-2024,34,10,7,17,41.0,1.088235294117647,Bundesliga,VfL Wolfsburg,33.0,25.0,20.0,6260000.0,206450000.0,1945
Bundesliga,VfL Wolfsburg,2024-2025,34,11,10,13,56.0,1.2647058823529411,Bundesliga,VfL Wolfsburg,39.0,25.5,25.0,7600000.0,296300000.0,1945
La Liga,CA Osasuna,2021-2022,38,12,11,15,37.0,1.236842105263158,La Liga,CA Osasuna,32.0,27.4,3.0,3390000.0,108450000.0,1920
La Liga,CA Osasuna,2022-2023,76,30,16,30,74.0,1.394736842105263,La Liga,CA Osasuna,31.0,27.2,4.0,4840000.0,150050000.0,1920
La Liga,CA Osasuna,2023-2024,38,12,9,17,45.0,1.1842105263157894,La Liga,CA Osasuna,32.0,27.2,5.0,3290000.0,105350000.0,1920
La Liga,CA Osasuna,2024-2025,76,24,32,20,96.0,1.368421052631579,La Liga,CA Osasuna,34.0,26.7,4.0,3330000.0,113280000.0,1920
La Liga,CD Leganés,2024-2025,38,9,13,16,39.0,1.0526315789473684,La Liga,CD Leganés,40.0,26.1,16.0,1200000.0,47980000.0,1928
La Liga,Club Atlético de Madrid,2021-2022,76,42,16,18,130.0,1.868421052631579,La Liga,Club Atlético de Madrid,43.0,25.7,24.0,15390000.0,661800000.0,1903
La Liga,Club Atlético de Madrid,2021-2022,76,42,16,18,130.0,1.868421052631579,La Liga,Club Atlético de Madrid,31.0,26.2,1.0,7290000.0,226050000.0,1903
La Liga,Club Atlético de Madrid,2022-2023,76,46,16,14,140.0,2.026315789473684,La Liga,Club Atlético de Madrid,40.0,25.8,22.0,13360000.0,534300000.0,1903
La Liga,Club Atlético de Madrid,2022-2023,76,46,16,14,140.0,2.026315789473684,La Liga,Club Atlético de Madrid,31.0,27.1,1.0,7180000.0,222450000.0,1903
La Liga,Club Atlético de Madrid,2023-2024,76,48,8,20,140.0,2.0,La Liga,Club Atlético de Madrid,42.0,26.9,23.0,10920000.0,458450000.0,1903
La Liga,Club Atlético de Madrid,2023-2024,76,48,8,20,140.0,2.0,La Liga,Club Atlético de Madrid,31.0,27.0,2.0,9540000.0,295650000.0,1903
La Liga,Club Atlético de Madrid,2024-2025,76,44,20,12,136.0,2.0,La Liga,Club Atlético de Madrid,41.0,26.5,22.0,13230000.0,542500000.0,1903
La Liga,Club Atlético de Madrid,2024-2025,76,44,20,12,136.0,2.0,La Liga,Club Atlético de Madrid,37.0,26.1,4.0,10140000.0,375350000.0,1903
La Liga,Cádiz CF,2021-2022,38,8,15,15,35.0,1.0263157894736843,La Liga,Cádiz CF,37.0,27.7,14.0,1830000.0,67800000.0,1910
La Liga,Cádiz CF,2022-2023,38,10,12,16,30.0,1.105263157894737,La Liga,Cádiz CF,47.0,27.3,17.0,1400000.0,65600000.0,1910
La Liga,Cádiz CF,2023-2024,38,6,15,17,26.0,0.868421052631579,La Liga,Cádiz CF,44.0,27.0,15.0,1380000.0,60700000.0,1910
La Liga,Deportivo Alavés,2021-2022,38,8,7,23,31.0,0.8157894736842105,La Liga,Deportivo Alavés,43.0,25.6,16.0,1520000.0,65350000.0,1921
La Liga,Deportivo Alavés,2023-2024,38,12,10,16,36.0,1.2105263157894737,La Liga,Deportivo Alavés,41.0,24.5,16.0,3020000.0,123700000.0,1921
La Liga,Deportivo Alavés,2024-2025,38,10,12,16,38.0,1.105263157894737,La Liga,Deportivo Alavés,37.0,25.8,15.0,2500000.0,92350000.0,1921
La Liga,Elche CF,2021-2022,38,11,9,18,40.0,1.105263157894737,La Liga,Elche CF,37.0,27.9,14.0,1970000.0,72980000.0,1923
La Liga,Elche CF,2022-2023,38,5,10,23,30.0,0.6578947368421053,La Liga,Elche CF,40.0,27.0,17.0,1690000.0,67500000.0,1923
La Liga,FC Barcelona,2021-2022,38,21,10,7,68.0,1.9210526315789471,La Liga,FC Barcelona,47.0,25.5,24.0,15650000.0,735600000.0,1899
La Liga,FC Barcelona,2022-2023,38,28,4,6,70.0,2.3157894736842106,La Liga,FC Barcelona,41.0,24.4,14.0,20410000.0,836800000.0,1899
La Liga,FC Barcelona,2023-2024,38,26,7,5,79.0,2.236842105263158,La Liga,FC Barcelona,38.0,24.0,15.0,24110000.0,916200000.0,1899
La Liga,FC Barcelona,2024-2025,38,28,4,6,102.0,2.3157894736842106,La Liga,FC Barcelona,39.0,23.3,11.0,27760000.0,1080000000.0,1899
La Liga,Getafe CF,2021-2022,38,8,15,15,33.0,1.0263157894736843,La Liga,Getafe CF,43.0,25.7,17.0,4850000.0,208680000.0,1983
La Liga,Getafe CF,2022-2023,38,10,12,16,34.0,1.105263157894737,La Liga,Getafe CF,34.0,26.5,14.0,3500000.0,118900000.0,1983
La Liga,Getafe CF,2023-2024,38,10,13,15,42.0,1.131578947368421,La Liga,Getafe CF,40.0,25.7,18.0,3330000.0,133000000.0,1983
La Liga,Getafe CF,2024-2025,38,11,9,18,34.0,1.105263157894737,La Liga,Getafe CF,37.0,25.4,15.0,2370000.0,87700000.0,1983
La Liga,Girona FC,2022-2023,38,13,10,15,58.0,1.2894736842105263,La Liga,Girona FC,37.0,25.6,13.0,3780000.0,139900000.0,1930
La Liga,Girona FC,2023-2024,38,25,6,7,85.0,2.1315789473684212,La Liga,Girona FC,37.0,25.6,15.0,8050000.0,297900000.0,1930
La Liga,Girona FC,2024-2025,38,11,8,19,44.0,1.0789473684210529,La Liga,Girona FC,46.0,25.1,22.0,3330000.0,153100000.0,1930
La Liga,Granada CF,2021-2022,38,8,14,16,44.0,1.0,La Liga,Granada CF,39.0,26.9,16.0,2660000.0,103750000.0,1931
La Liga,Granada CF,2023-2024,38,4,9,25,38.0,0.5526315789473685,La Liga,Granada CF,46.0,26.4,18.0,3070000.0,141100000.0,1931
La Liga,Levante UD,2021-2022,38,8,11,19,51.0,0.9210526315789472,La Liga,Levante UD,42.0,26.8,12.0,1850000.0,77900000.0,1909
La Liga,RC Celta de Vigo,2021-2022,38,12,10,16,43.0,1.2105263157894737,La Liga,RC Celta de Vigo,34.0,26.0,11.0,3530000.0,120000000.0,1923
La Liga,RC Celta de Vigo,2022-2023,38,11,10,17,43.0,1.131578947368421,La Liga,RC Celta de Vigo,36.0,25.7,12.0,3860000.0,138800000.0,1923
La Liga,RC Celta de Vigo,2023-2024,38,10,11,17,46.0,1.0789473684210529,La Liga,RC Celta de Vigo,39.0,25.9,14.0,3830000.0,149300000.0,1923
La Liga,RC Celta de Vigo,2024-2025,38,16,7,15,59.0,1.4473684210526316,La Liga,RC Celta de Vigo,36.0,26.3,12.0,3640000.0,130900000.0,1923
La Liga,RCD Espanyol de Barcelona,2021-2022,38,10,12,16,40.0,1.105263157894737,La Liga,RCD Espanyol de Barcelona,38.0,25.9,7.0,3460000.0,131600000.0,1900
La Liga,RCD Espanyol de Barcelona,2022-2023,38,8,13,17,52.0,0.9736842105263158,La Liga,RCD Espanyol de Barcelona,37.0,25.9,11.0,3150000.0,116500000.0,1900
La Liga,RCD Espanyol de Barcelona,2024-2025,38,11,9,18,40.0,1.105263157894737,La Liga,RCD Espanyol de Barcelona,37.0,25.6,10.0,3160000.0,116980000.0,1900
La Liga,RCD Mallorca,2021-2022,38,10,9,19,36.0,1.0263157894736843,La Liga,RCD Mallorca,41.0,26.2,16.0,1810000.0,74150000.0,1916
La Liga,RCD Mallorca,2022-2023,38,14,8,16,37.0,1.3157894736842106,La Liga,RCD Mallorca,38.0,26.9,19.0,2820000.0,107000000.0,1916
La Liga,RCD Mallorca,2023-2024,38,8,16,14,33.0,1.0526315789473684,La Liga,RCD Mallorca,35.0,26.9,14.0,2510000.0,87700000.0,1916
La Liga,RCD Mallorca,2024-2025,38,13,9,16,35.0,1.263157894736842,La Liga,RCD Mallorca,31.0,27.6,13.0,2740000.0,84880000.0,1916
La Liga,Rayo Vallecano de Madrid,2021-2022,38,11,9,18,39.0,1.105263157894737,La Liga,Rayo Vallecano de Madrid,36.0,26.7,14.0,1870000.0,67200000.0,1924
La Liga,Rayo Vallecano de Madrid,2022-2023,38,13,10,15,45.0,1.2894736842105263,La Liga,Rayo Vallecano de Madrid,29.0,28.7,10.0,3570000.0,103400000.0,1924
La Liga,Rayo Vallecano de Madrid,2023-2024,38,8,14,16,29.0,1.0,La Liga,Rayo Vallecano de Madrid,30.0,28.9,12.0,2130000.0,63950000.0,1924
La Liga,Rayo Vallecano de Madrid,2024-2025,38,13,13,12,41.0,1.368421052631579,La Liga,Rayo Vallecano de Madrid,34.0,28.3,11.0,2000000.0,68000000.0,1924
La Liga,Real Betis Balompié,2021-2022,38,19,8,11,62.0,1.7105263157894737,La Liga,Real Betis Balompié,38.0,27.9,13.0,6820000.0,259000000.0,1907
La Liga,Real Betis Balompié,2022-2023,38,17,9,12,46.0,1.5789473684210529,La Liga,Real Betis Balompié,38.0,27.6,13.0,6480000.0,246400000.0,1907
La Liga,Real Betis Balompié,2023-2024,38,14,15,9,48.0,1.5,La Liga,Real Betis Balompié,42.0,27.0,22.0,5350000.0,224880000.0,1907
La Liga,Real Betis Balompié,2024-2025,38,16,12,10,57.0,1.5789473684210529,La Liga,Real Betis Balompié,46.0,26.0,19.0,6340000.0,291700000.0,1907
La Liga,Real Madrid CF,2021-2022,38,26,8,4,80.0,2.263157894736842,La Liga,Real Madrid CF,36.0,26.3,19.0,21410000.0,770750000.0,1902
La Liga,Real Madrid CF,2022-2023,38,24,6,8,75.0,2.0526315789473686,La Liga,Real Madrid CF,36.0,25.9,20.0,25650000.0,923450000.0,1902
La Liga,Real Madrid CF,2023-2024,38,29,8,1,87.0,2.5,La Liga,Real Madrid CF,37.0,25.6,21.0,30680000.0,1140000000.0,1902
La Liga,Real Madrid CF,2024-2025,38,26,6,6,78.0,2.210526315789474,La Liga,Real Madrid CF,42.0,24.4,19.0,32110000.0,1350000000.0,1902
La Liga,Real Sociedad de Fútbol,2021-2022,38,17,11,10,40.0,1.631578947368421,La Liga,Real Sociedad de Fútbol,40.0,25.2,7.0,9420000.0,376950000.0,1909
La Liga,Real Sociedad de Fútbol,2022-2023,38,21,8,9,51.0,1.868421052631579,La Liga,Real Sociedad de Fútbol,37.0,25.0,6.0,11940000.0,441700000.0,1909
La Liga,Real Sociedad de Fútbol,2023-2024,38,16,12,10,51.0,1.5789473684210529,La Liga,Real Sociedad de Fútbol,40.0,25.2,10.0,12460000.0,498500000.0,1909
La Liga,Real Sociedad de Fútbol,2024-2025,38,13,7,18,35.0,1.2105263157894737,La Liga,Real Sociedad de Fútbol,39.0,24.6,9.0,8850000.0,345050000.0,1909
La Liga,Real Valladolid CF,2022-2023,38,11,7,20,33.0,1.0526315789473684,La Liga,Real Valladolid CF,41.0,26.8,18.0,2210000.0,90750000.0,1928
La Liga,Real Valladolid CF,2024-2025,38,4,4,30,26.0,0.4210526315789473,La Liga,Real Valladolid CF,43.0,25.4,23.0,1890000.0,81450000.0,1928
La Liga,Sevilla FC,2021-2022,38,18,16,4,53.0,1.8421052631578947,La Liga,Sevilla FC,43.0,26.2,21.0,8950000.0,385000000.0,1905
La Liga,Sevilla FC,2022-2023,38,13,10,15,47.0,1.2894736842105263,La Liga,Sevilla FC,42.0,26.8,23.0,5540000.0,232580000.0,1905
La Liga,Sevilla FC,2023-2024,38,10,11,17,48.0,1.0789473684210529,La Liga,Sevilla FC,49.0,26.7,27.0,4670000.0,228750000.0,1905
La Liga,Sevilla FC,2024-2025,38,10,11,17,42.0,1.0789473684210529,La Liga,Sevilla FC,44.0,25.2,19.0,4180000.0,183900000.0,1905
La Liga,UD Almería,2022-2023,38,11,8,19,49.0,1.0789473684210529,La Liga,UD Almería,36.0,25.9,18.0,3170000.0,114200000.0,1989
La Liga,UD Almería,2023-2024,38,3,12,23,43.0,0.5526315789473685,La Liga,UD Almería,41.0,25.3,22.0,2420000.0,99400000.0,1989
La Liga,UD Las Palmas,2023-2024,38,10,10,18,33.0,1.0526315789473684,La Liga,UD Las Palmas,35.0,26.2,11.0,3210000.0,112400000.0,1949
La Liga,UD Las Palmas,2024-2025,38,8,8,22,40.0,0.8421052631578947,La Liga,UD Las Palmas,42.0,25.4,15.0,2790000.0,117300000.0,1949
La Liga,Valencia CF,2021-2022,38,11,15,12,48.0,1.263157894736842,La Liga,Valencia CF,44.0,24.1,20.0,7060000.0,310600000.0,1919
La Liga,Valencia CF,2022-2023,38,11,9,18,42.0,1.105263157894737,La Liga,Valencia CF,40.0,24.5,18.0,6240000.0,249780000.0,1919
La Liga,Valencia CF,2023-2024,38,13,10,15,40.0,1.2894736842105263,La Liga,Valencia CF,36.0,23.8,11.0,6800000.0,244730000.0,1919
La Liga,Valencia CF,2024-2025,38,11,13,14,44.0,1.2105263157894737,La Liga,Valencia CF,44.0,24.5,13.0,4900000.0,215550000.0,1919
La Liga,Villarreal CF,2021-2022,38,16,11,11,63.0,1.5526315789473684,La Liga,Villarreal CF,39.0,26.5,15.0,10480000.0,408900000.0,1923
La Liga,Villarreal CF,2022-2023,38,19,7,12,59.0,1.6842105263157894,La Liga,Villarreal CF,43.0,26.4,15.0,8450000.0,363500000.0,1923
La Liga,Villarreal CF,2023-2024,38,14,11,13,65.0,1.394736842105263,La Liga,Villarreal CF,39.0,27.2,15.0,6470000.0,252500000.0,1923
La Liga,Villarreal CF,2024-2025,38,20,10,8,71.0,1.8421052631578947,La Liga,Villarreal CF,36.0,26.2,16.0,7340000.0,264250000.0,1923
Liga Portugal,AVS Futebol,2024-2025,34,5,12,17,25.0,0.7941176470588235,Liga Portugal,AVS Futebol,35.0,28.3,26.0,591000.0,20700000.0,2023
Liga Portugal,Boavista FC,2021-2022,34,7,17,10,39.0,1.1176470588235294,Liga Portugal,Boavista FC,39.0,24.6,22.0,996000.0,38850000.0,1903
Liga Portugal,Boavista FC,2022-2023,68,24,16,28,86.0,1.2941176470588236,Liga Portugal,Boavista FC,34.0,25.2,21.0,849000.0,28850000.0,1903
Liga Portugal,Boavista FC,2022-2023,68,24,16,28,86.0,1.2941176470588236,Liga Portugal,Boavista FC,32.0,26.8,23.0,555000.0,17750000.0,1903
Liga Portugal,Boavista FC,2023-2024,68,14,22,32,78.0,0.9411764705882352,Liga Portugal,Boavista FC,29.0,24.9,16.0,1030000.0,30000000.0,1903
Liga Portugal,Boavista FC,2023-2024,68,14,22,32,78.0,0.9411764705882352,Liga Portugal,Boavista FC,36.0,26.8,20.0,522000.0,18800000.0,1903
Liga Portugal,Boavista FC,2024-2025,34,6,6,22,24.0,0.7058823529411765,Liga Portugal,Boavista FC,36.0,26.4,20.0,511000.0,18400000.0,1903
Liga Portugal,CD Nacional,2024-2025,34,9,7,18,32.0,1.0,Liga Portugal,CD Nacional,34.0,26.7,23.0,646000.0,21980000.0,1910
Liga Portugal,CD Santa Clara,2021-2022,34,9,13,12,38.0,1.1764705882352942,Liga Portugal,CD Santa Clara,33.0,27.0,22.0,927000.0,30600000.0,1921
Liga Portugal,CD Santa Clara,2022-2023,34,5,7,22,26.0,0.6470588235294118,Liga Portugal,CD Santa Clara,40.0,26.5,25.0,593000.0,23700000.0,1921
Liga Portugal,CD Santa Clara,2024-2025,34,17,6,11,36.0,1.6764705882352942,Liga Portugal,CD Santa Clara,37.0,25.3,26.0,1150000.0,42500000.0,1921
Liga Portugal,CD Tondela,2021-2022,68,14,14,40,82.0,0.8235294117647058,Liga Portugal,CD Tondela,37.0,24.5,22.0,590000.0,21830000.0,1933
Liga Portugal,CF Estrela da Amadora,2023-2024,34,7,12,15,33.0,0.9705882352941176,Liga Portugal,CF Estrela da Amadora,42.0,26.5,27.0,466000.0,19580000.0,2020
Liga Portugal,CF Estrela da Amadora,2024-2025,34,7,8,19,24.0,0.8529411764705882,Liga Portugal,CF Estrela da Amadora,45.0,25.4,28.0,582000.0,26200000.0,2020
Liga Portugal,CS Marítimo,2021-2022,34,9,11,14,39.0,1.1176470588235294,Liga Portugal,CS Marítimo,33.0,26.4,22.0,488000.0,16100000.0,1910
Liga Portugal,CS Marítimo,2022-2023,34,7,5,22,32.0,0.7647058823529411,Liga Portugal,CS Marítimo,47.0,25.8,31.0,352000.0,16530000.0,1910
Liga Portugal,Casa Pia AC,2022-2023,34,11,8,15,31.0,1.2058823529411764,Liga Portugal,Casa Pia AC,33.0,27.1,24.0,524000.0,17300000.0,1920
Liga Portugal,Casa Pia AC,2023-2024,34,10,8,16,38.0,1.1176470588235294,Liga Portugal,Casa Pia AC,37.0,26.6,21.0,626000.0,23180000.0,1920
Liga Portugal,Casa Pia AC,2024-2025,34,12,9,13,39.0,1.3235294117647058,Liga Portugal,Casa Pia AC,34.0,26.4,22.0,963000.0,32750000.0,1920
Liga Portugal,Estoril Praia,2021-2022,34,9,12,13,36.0,1.1470588235294117,Liga Portugal,Estoril Praia,46.0,24.1,26.0,788000.0,36230000.0,1939
Liga Portugal,Estoril Praia,2022-2023,34,10,5,19,33.0,1.0294117647058822,Liga Portugal,Estoril Praia,39.0,24.5,22.0,927000.0,36150000.0,1939
Liga Portugal,Estoril Praia,2023-2024,34,9,6,19,49.0,0.9705882352941176,Liga Portugal,Estoril Praia,39.0,24.8,27.0,1450000.0,56650000.0,1939
Liga Portugal,Estoril Praia,2024-2025,34,12,10,12,48.0,1.3529411764705883,Liga Portugal,Estoril Praia,37.0,24.6,23.0,1200000.0,44500000.0,1939
Liga Portugal,FC Arouca,2021-2022,34,7,10,17,30.0,0.9117647058823528,Liga Portugal,FC Arouca,37.0,27.8,29.0,454000.0,16800000.0,1951
Liga Portugal,FC Arouca,2022-2023,34,15,9,10,36.0,1.588235294117647,Liga Portugal,FC Arouca,30.0,26.7,24.0,700000.0,21000000.0,1951
Liga Portugal,FC Arouca,2023-2024,34,13,7,14,54.0,1.3529411764705883,Liga Portugal,FC Arouca,31.0,26.6,25.0,1420000.0,44100000.0,1951
Liga Portugal,FC Arouca,2024-2025,34,9,11,14,35.0,1.1176470588235294,Liga Portugal,FC Arouca,32.0,26.5,23.0,1170000.0,37380000.0,1951
Liga Portugal,FC Famalicão,2021-2022,34,9,12,13,45.0,1.1470588235294117,Liga Portugal,FC Famalicão,46.0,23.8,32.0,1480000.0,67850000.0,1931
Liga Portugal,FC Famalicão,2022-2023,34,13,5,16,39.0,1.2941176470588236,Liga Portugal,FC Famalicão,39.0,24.7,26.0,1330000.0,51850000.0,1931
Liga Portugal,FC Famalicão,2023-2024,34,10,12,12,37.0,1.2352941176470589,Liga Portugal,FC Famalicão,38.0,23.5,23.0,1910000.0,72750000.0,1931
Liga Portugal,FC Famalicão,2024-2025,34,12,11,11,44.0,1.3823529411764706,Liga Portugal,FC Famalicão,37.0,24.2,24.0,2600000.0,96050000.0,1931
Liga Portugal,FC Paços de Ferreira,2021-2022,34,9,11,14,29.0,1.1176470588235294,Liga Portugal,FC Paços de Ferreira,37.0,25.4,20.0,703000.0,26000000.0,1950
Liga Portugal,FC Paços de Ferreira,2022-2023,34,6,5,23,26.0,0.6764705882352942,Liga Portugal,FC Paços de Ferreira,38.0,25.7,20.0,740000.0,28130000.0,1950
Liga Portugal,FC Porto,2021-2022,34,29,4,1,86.0,2.676470588235294,Liga Portugal,FC Porto,40.0,26.0,20.0,10090000.0,403580000.0,1893
Liga Portugal,FC Porto,2022-2023,34,27,4,3,73.0,2.5,Liga Portugal,FC Porto,33.0,26.9,20.0,8620000.0,284550000.0,1893
Liga Portugal,FC Porto,2023-2024,34,22,6,6,63.0,2.1176470588235294,Liga Portugal,FC Porto,38.0,25.9,21.0,9730000.0,369650000.0,1893
Liga Portugal,FC Porto,2024-2025,34,22,5,7,65.0,2.088235294117647,Liga Portugal,FC Porto,42.0,24.9,25.0,11420000.0,479450000.0,1893
Liga Portugal,FC Vizela,2021-2022,34,7,12,15,37.0,0.9705882352941176,Liga Portugal,FC Vizela,42.0,25.1,26.0,398000.0,16700000.0,1939
Liga Portugal,FC Vizela,2022-2023,34,11,7,16,34.0,1.1764705882352942,Liga Portugal,FC Vizela,34.0,24.8,24.0,543000.0,18480000.0,1939
Liga Portugal,FC Vizela,2023-2024,34,5,11,18,36.0,0.7647058823529411,Liga Portugal,FC Vizela,38.0,25.4,26.0,601000.0,22850000.0,1939
Liga Portugal,GD Chaves,2023-2024,34,5,8,21,31.0,0.6764705882352942,,,,,,,,1949
Liga Portugal,Gil Vicente FC,2021-2022,34,13,12,9,47.0,1.5,Liga Portugal,Gil Vicente FC,31.0,25.9,22.0,959000.0,29730000.0,1924
Liga Portugal,Gil Vicente FC,2022-2023,34,10,7,17,32.0,1.088235294117647,Liga Portugal,Gil Vicente FC,36.0,25.5,22.0,1300000.0,46850000.0,1924
Liga Portugal,Gil Vicente FC,2023-2024,34,9,9,16,42.0,1.0588235294117647,Liga Portugal,Gil Vicente FC,38.0,24.7,22.0,846000.0,32150000.0,1924
Liga Portugal,Gil Vicente FC,2024-2025,34,8,10,16,34.0,1.0,Liga Portugal,Gil Vicente FC,37.0,25.0,26.0,1010000.0,37250000.0,1924
Liga Portugal,Moreirense FC,2021-2022,34,7,8,19,33.0,0.8529411764705882,Liga Portugal,Moreirense FC,30.0,27.3,20.0,633000.0,19000000.0,1938
Liga Portugal,Moreirense FC,2023-2024,34,16,7,11,36.0,1.6176470588235294,Liga Portugal,Moreirense FC,34.0,26.2,23.0,791000.0,26900000.0,1938
Liga Portugal,Moreirense FC,2024-2025,34,10,10,14,42.0,1.1764705882352942,Liga Portugal,Moreirense FC,32.0,26.8,22.0,983000.0,31450000.0,1938
Liga Portugal,Portimonense SC,2021-2022,68,20,16,32,62.0,1.1176470588235294,Liga Portugal,Portimonense SC,41.0,25.8,32.0,936000.0,38380000.0,1914
Liga Portugal,Portimonense SC,2021-2022,68,20,16,32,62.0,1.1176470588235294,Liga Portugal,Portimonense SC,41.0,24.7,20.0,488000.0,20000000.0,1914
Liga Portugal,Portimonense SC,2022-2023,34,10,4,20,25.0,1.0,Liga Portugal,Portimonense SC,43.0,25.9,34.0,734000.0,31580000.0,1914
Liga Portugal,Portimonense SC,2023-2024,34,8,8,18,39.0,0.9411764705882352,Liga Portugal,Portimonense SC,40.0,24.6,31.0,557000.0,22280000.0,1914
Liga Portugal,Rio Ave FC,2022-2023,34,10,10,14,36.0,1.1764705882352942,Liga Portugal,Rio Ave FC,31.0,27.0,16.0,574000.0,17800000.0,1939
Liga Portugal,Rio Ave FC,2023-2024,34,6,19,9,38.0,1.088235294117647,Liga Portugal,Rio Ave FC,35.0,27.6,17.0,749000.0,26200000.0,1939
Liga Portugal,Rio Ave FC,2024-2025,34,9,11,14,39.0,1.1176470588235294,Liga Portugal,Rio Ave FC,42.0,24.8,31.0,1180000.0,49680000.0,1939
Liga Portugal,SC Braga,2021-2022,34,19,8,7,52.0,1.911764705882353,Liga Portugal,SC Braga,46.0,24.8,17.0,3460000.0,159030000.0,1921
Liga Portugal,SC Braga,2022-2023,34,25,3,6,75.0,2.2941176470588234,Liga Portugal,SC Braga,35.0,25.3,17.0,4310000.0,150750000.0,1921
Liga Portugal,SC Braga,2023-2024,34,21,5,8,71.0,2.0,Liga Portugal,SC Braga,34.0,26.6,19.0,4690000.0,159400000.0,1921
Liga Portugal,SC Braga,2024-2025,34,19,9,6,55.0,1.9411764705882353,Liga Portugal,SC Braga,46.0,24.6,23.0,4060000.0,186800000.0,1921
Liga Portugal,SC Farense,2023-2024,34,10,7,17,46.0,1.088235294117647,Liga Portugal,SC Farense,31.0,27.9,18.0,647000.0,20050000.0,1910
Liga Portugal,SC Farense,2024-2025,34,6,9,19,25.0,0.7941176470588235,Liga Portugal,SC Farense,40.0,27.2,20.0,663000.0,26530000.0,1910
Liga Portugal,Sport Lisboa e Benfica,2021-2022,34,23,5,6,78.0,2.176470588235294,Liga Portugal,Sport Lisboa e Benfica,41.0,25.9,24.0,7570000.0,310180000.0,1904
Liga Portugal,Sport Lisboa e Benfica,2022-2023,34,28,3,3,82.0,2.5588235294117645,Liga Portugal,Sport Lisboa e Benfica,43.0,25.6,25.0,11110000.0,477580000.0,1904
Liga Portugal,Sport Lisboa e Benfica,2023-2024,34,25,5,4,77.0,2.3529411764705883,Liga Portugal,Sport Lisboa e Benfica,41.0,24.6,24.0,10430000.0,427600000.0,1904
Liga Portugal,Sport Lisboa e Benfica,2024-2025,34,25,5,4,84.0,2.3529411764705883,Liga Portugal,Sport Lisboa e Benfica,49.0,24.0,24.0,9090000.0,445250000.0,1904
Liga Portugal,Sporting CP,2021-2022,34,27,4,3,73.0,2.5,Liga Portugal,Sporting CP,38.0,24.5,16.0,8890000.0,337730000.0,1906
Liga Portugal,Sporting CP,2022-2023,34,23,5,6,71.0,2.176470588235294,Liga Portugal,Sporting CP,43.0,24.0,19.0,8530000.0,366600000.0,1906
Liga Portugal,Sporting CP,2023-2024,34,29,3,2,96.0,2.6470588235294117,Liga Portugal,Sporting CP,39.0,24.2,16.0,9850000.0,384200000.0,1906
Liga Portugal,Sporting CP,2024-2025,34,25,7,2,88.0,2.411764705882353,Liga Portugal,Sporting CP,50.0,22.8,20.0,11340000.0,567100000.0,1906
Liga Portugal,Vitória SC,2021-2022,34,13,9,12,50.0,1.411764705882353,Liga Portugal,Vitória SC,37.0,24.6,18.0,1840000.0,68000000.0,1922
Liga Portugal,Vitória SC,2022-2023,34,16,5,13,34.0,1.5588235294117647,Liga Portugal,Vitória SC,46.0,23.6,22.0,1570000.0,72400000.0,1922
Liga Portugal,Vitória SC,2023-2024,34,19,6,9,52.0,1.8529411764705883,Liga Portugal,Vitória SC,39.0,25.4,16.0,1740000.0,67900000.0,1922
Liga Portugal,Vitória SC,2024-2025,34,14,12,8,47.0,1.588235294117647,Liga Portugal,Vitória SC,39.0,25.2,13.0,2560000.0,99650000.0,1922
Ligue 1,AC Ajaccio,2022-2023,38,7,5,26,23.0,0.6842105263157895,Ligue 1,AC Ajaccio,41.0,27.1,24.0,659000.0,27000000.0,1910
Ligue 1,AS Monaco FC,2021-2022,38,20,9,9,65.0,1.8157894736842104,Ligue 1,AS Monaco FC,41.0,23.7,24.0,9660000.0,396000000.0,1924
Ligue 1,AS Monaco FC,2022-2023,38,19,8,11,70.0,1.7105263157894737,Ligue 1,AS Monaco FC,32.0,24.3,18.0,11510000.0,368300000.0,1924
Ligue 1,AS Monaco FC,2023-2024,34,20,7,7,68.0,1.9705882352941175,Ligue 1,AS Monaco FC,40.0,24.0,22.0,9960000.0,398550000.0,1924
Ligue 1,AS Monaco FC,2024-2025,34,18,7,9,63.0,1.7941176470588236,Ligue 1,AS Monaco FC,37.0,23.6,23.0,11110000.0,411150000.0,1924
Ligue 1,AS Saint-Étienne,2021-2022,38,7,11,20,42.0,0.8421052631578947,Ligue 1,AS Saint-Étienne,44.0,24.4,23.0,2400000.0,105650000.0,1933
Ligue 1,AS Saint-Étienne,2024-2025,33,7,6,20,37.0,0.8181818181818182,Ligue 1,AS Saint-Étienne,39.0,25.3,17.0,2090000.0,81600000.0,1933
Ligue 1,Clermont Foot 63,2021-2022,38,9,9,20,38.0,0.9473684210526316,Ligue 1,Clermont Foot 63,39.0,25.5,23.0,1410000.0,55100000.0,1911
Ligue 1,Clermont Foot 63,2022-2023,38,17,8,13,45.0,1.5526315789473684,Ligue 1,Clermont Foot 63,33.0,26.3,21.0,1450000.0,48000000.0,1911
Ligue 1,Clermont Foot 63,2023-2024,34,5,10,19,26.0,0.7352941176470589,Ligue 1,Clermont Foot 63,36.0,25.2,20.0,1700000.0,61350000.0,1911
Ligue 1,FC Girondins de Bordeaux,2021-2022,38,6,13,19,52.0,0.8157894736842105,Ligue 1,FC Girondins de Bordeaux,54.0,24.5,32.0,2160000.0,116850000.0,1881
Ligue 1,FC Lorient,2021-2022,38,8,12,18,35.0,0.9473684210526316,Ligue 1,FC Lorient,35.0,25.8,15.0,1750000.0,61300000.0,1926
Ligue 1,FC Lorient,2022-2023,38,15,10,13,52.0,1.4473684210526316,Ligue 1,FC Lorient,42.0,24.6,17.0,4180000.0,175450000.0,1926
Ligue 1,FC Lorient,2023-2024,34,7,8,19,43.0,0.8529411764705882,Ligue 1,FC Lorient,45.0,24.7,27.0,2930000.0,131850000.0,1926
Ligue 1,FC Metz,2021-2022,38,6,13,19,35.0,0.8157894736842105,Ligue 1,FC Metz,41.0,25.6,28.0,2220000.0,91050000.0,1932
Ligue 1,FC Metz,2023-2024,34,8,5,21,35.0,0.8529411764705882,Ligue 1,FC Metz,37.0,25.5,27.0,1770000.0,65400000.0,1932
Ligue 1,FC Nantes,2021-2022,38,15,10,13,55.0,1.4473684210526316,Ligue 1,FC Nantes,31.0,26.1,17.0,3630000.0,112650000.0,1943
Ligue 1,FC Nantes,2022-2023,38,7,15,16,37.0,0.9473684210526316,Ligue 1,FC Nantes,37.0,26.0,20.0,3230000.0,119200000.0,1943
Ligue 1,FC Nantes,2023-2024,34,9,6,19,30.0,0.9705882352941176,Ligue 1,FC Nantes,43.0,25.2,22.0,2930000.0,125900000.0,1943
Ligue 1,FC Nantes,2024-2025,34,8,12,14,39.0,1.0588235294117647,Ligue 1,FC Nantes,34.0,26.6,19.0,3370000.0,114650000.0,1943
Ligue 1,Lille OSC,2021-2022,38,14,13,11,48.0,1.4473684210526316,Ligue 1,Lille OSC,41.0,24.6,29.0,7480000.0,306880000.0,1944
Ligue 1,Lille OSC,2022-2023,38,19,10,9,65.0,1.763157894736842,Ligue 1,Lille OSC,33.0,25.3,20.0,7510000.0,247950000.0,1944
Ligue 1,Lille OSC,2023-2024,34,16,11,7,52.0,1.7352941176470589,Ligue 1,Lille OSC,41.0,23.8,25.0,8020000.0,328900000.0,1944
Ligue 1,Lille OSC,2024-2025,34,17,9,8,52.0,1.7647058823529411,Ligue 1,Lille OSC,40.0,25.4,23.0,8420000.0,336600000.0,1944
Ligue 1,Montpellier HSC,2021-2022,38,12,7,19,49.0,1.131578947368421,Ligue 1,Montpellier HSC,36.0,25.3,17.0,4020000.0,144600000.0,1919
Ligue 1,Montpellier HSC,2022-2023,38,15,5,18,65.0,1.3157894736842106,Ligue 1,Montpellier HSC,39.0,25.1,19.0,3660000.0,142900000.0,1919
Ligue 1,Montpellier HSC,2023-2024,34,10,12,12,43.0,1.2352941176470589,Ligue 1,Montpellier HSC,37.0,24.8,19.0,3930000.0,145580000.0,1919
Ligue 1,Montpellier HSC,2024-2025,33,4,4,25,23.0,0.4848484848484848,Ligue 1,Montpellier HSC,40.0,25.2,23.0,1650000.0,65850000.0,1919
Ligue 1,Olympique Lyonnais,2021-2022,38,17,11,10,66.0,1.631578947368421,Ligue 1,Olympique Lyonnais,40.0,24.9,21.0,9940000.0,397700000.0,1899
Ligue 1,Olympique Lyonnais,2022-2023,38,18,8,12,65.0,1.631578947368421,Ligue 1,Olympique Lyonnais,34.0,25.5,16.0,10320000.0,350950000.0,1899
Ligue 1,Olympique Lyonnais,2023-2024,34,16,5,13,49.0,1.5588235294117647,Ligue 1,Olympique Lyonnais,39.0,25.5,24.0,7840000.0,305950000.0,1899
Ligue 1,Olympique Lyonnais,2024-2025,34,17,6,11,65.0,1.6764705882352942,Ligue 1,Olympique Lyonnais,37.0,26.0,27.0,8370000.0,309850000.0,1899
Ligue 1,Olympique de Marseille,2021-2022,38,21,8,9,63.0,1.868421052631579,Ligue 1,Olympique de Marseille,38.0,24.0,22.0,7490000.0,284700000.0,1899
Ligue 1,Olympique de Marseille,2022-2023,38,22,7,9,67.0,1.9210526315789471,Ligue 1,Olympique de Marseille,37.0,25.6,29.0,8960000.0,331550000.0,1899
Ligue 1,Olympique de Marseille,2023-2024,34,13,11,10,52.0,1.4705882352941178,Ligue 1,Olympique de Marseille,49.0,24.4,31.0,6360000.0,311400000.0,1899
Ligue 1,Olympique de Marseille,2024-2025,34,20,5,9,74.0,1.911764705882353,Ligue 1,Olympique de Marseille,40.0,24.9,27.0,8950000.0,358000000.0,1899
Ligue 1,Paris Saint-Germain FC,2021-2022,38,26,8,4,90.0,2.263157894736842,Ligue 1,Paris Saint-Germain FC,41.0,26.2,28.0,21350000.0,875150000.0,1970
Ligue 1,Paris Saint-Germain FC,2022-2023,38,27,4,7,89.0,2.236842105263158,Ligue 1,Paris Saint-Germain FC,37.0,25.9,24.0,24080000.0,891100000.0,1970
Ligue 1,Paris Saint-Germain FC,2023-2024,34,22,10,2,81.0,2.235294117647059,Ligue 1,Paris Saint-Germain FC,36.0,24.9,21.0,28360000.0,1020000000.0,1970
Ligue 1,Paris Saint-Germain FC,2024-2025,34,26,6,2,92.0,2.4705882352941178,Ligue 1,Paris Saint-Germain FC,34.0,23.6,21.0,33590000.0,1140000000.0,1970
Ligue 1,RC Strasbourg Alsace,2021-2022,38,17,12,9,60.0,1.6578947368421053,Ligue 1,RC Strasbourg Alsace,33.0,25.4,19.0,3640000.0,120050000.0,1906
Ligue 1,RC Strasbourg Alsace,2022-2023,38,9,13,16,51.0,1.0526315789473684,Ligue 1,RC Strasbourg Alsace,36.0,26.0,17.0,3430000.0,123550000.0,1906
Ligue 1,RC Strasbourg Alsace,2023-2024,34,10,9,15,38.0,1.1470588235294117,Ligue 1,RC Strasbourg Alsace,39.0,24.0,22.0,4040000.0,157700000.0,1906
Ligue 1,RC Strasbourg Alsace,2024-2025,34,16,9,9,56.0,1.6764705882352942,Ligue 1,RC Strasbourg Alsace,42.0,22.2,26.0,7330000.0,307850000.0,1906
Ligue 1,Stade Brestois 29,2021-2022,38,13,9,16,49.0,1.263157894736842,Ligue 1,Stade Brestois 29,30.0,26.0,11.0,3440000.0,103150000.0,1950
Ligue 1,Stade Brestois 29,2022-2023,38,11,11,16,44.0,1.1578947368421053,Ligue 1,Stade Brestois 29,32.0,26.3,16.0,2400000.0,76650000.0,1950
Ligue 1,Stade Brestois 29,2023-2024,34,17,10,7,53.0,1.7941176470588236,Ligue 1,Stade Brestois 29,31.0,25.9,10.0,3710000.0,115150000.0,1950
Ligue 1,Stade Brestois 29,2024-2025,34,15,5,14,52.0,1.4705882352941178,Ligue 1,Stade Brestois 29,37.0,25.6,14.0,2990000.0,110650000.0,1950
Ligue 1,Stade de Reims,2021-2022,76,22,26,28,86.0,1.2105263157894737,Ligue 1,Stade de Reims,36.0,23.3,12.0,8480000.0,305350000.0,1931
Ligue 1,Stade de Reims,2021-2022,76,22,26,28,86.0,1.2105263157894737,Ligue 1,Stade de Reims,40.0,24.0,30.0,3740000.0,149400000.0,1931
Ligue 1,Stade de Reims,2022-2023,76,24,30,22,90.0,1.3421052631578947,Ligue 1,Stade de Reims,38.0,24.3,19.0,10200000.0,387750000.0,1931
Ligue 1,Stade de Reims,2022-2023,76,24,30,22,90.0,1.3421052631578947,Ligue 1,Stade de Reims,40.0,23.8,30.0,3980000.0,159050000.0,1931
Ligue 1,Stade de Reims,2023-2024,68,26,16,26,84.0,1.3823529411764706,Ligue 1,Stade de Reims,36.0,24.8,18.0,10430000.0,375350000.0,1931
Ligue 1,Stade de Reims,2023-2024,68,26,16,26,84.0,1.3823529411764706,Ligue 1,Stade de Reims,39.0,23.9,27.0,3450000.0,134550000.0,1931
Ligue 1,Stade de Reims,2024-2025,68,16,18,34,66.0,0.9705882352941176,Ligue 1,Stade de Reims,43.0,25.2,26.0,6850000.0,294700000.0,1931
Ligue 1,Stade de Reims,2024-2025,68,16,18,34,66.0,0.9705882352941176,Ligue 1,Stade de Reims,40.0,24.0,32.0,3810000.0,152500000.0,1931
Ligue 1,Toulouse FC,2022-2023,38,13,9,16,51.0,1.263157894736842,Ligue 1,Toulouse FC,37.0,24.0,30.0,2830000.0,104800000.0,1937
Ligue 1,Toulouse FC,2023-2024,34,11,10,13,42.0,1.2647058823529411,Ligue 1,Toulouse FC,39.0,23.3,27.0,3720000.0,145200000.0,1937
Ligue 1,Toulouse FC,2024-2025,34,11,9,14,44.0,1.2352941176470589,Ligue 1,Toulouse FC,34.0,24.4,23.0,3580000.0,121600000.0,1937
Premier League,AFC Bournemouth,2022-2023,38,11,6,21,37.0,1.0263157894736843,Premier League,AFC Bournemouth,47.0,25.0,23.0,6110000.0,287200000.0,1899
Premier League,AFC Bournemouth,2023-2024,38,13,9,16,54.0,1.263157894736842,Premier League,AFC Bournemouth,42.0,25.7,26.0,9570000.0,401750000.0,1899
Premier League,AFC Bournemouth,2024-2025,38,15,11,12,58.0,1.4736842105263157,Premier League,AFC Bournemouth,39.0,24.7,25.0,13300000.0,518600000.0,1899
Premier League,Arsenal FC,2021-2022,38,22,3,13,61.0,1.8157894736842104,Premier League,Arsenal FC,41.0,24.0,24.0,14950000.0,613050000.0,1886
Premier League,Arsenal FC,2022-2023,38,26,6,6,88.0,2.210526315789474,Premier League,Arsenal FC,42.0,24.0,25.0,23830000.0,1000000000.0,1886
Premier League,Arsenal FC,2023-2024,38,28,5,5,91.0,2.3421052631578947,Premier League,Arsenal FC,40.0,24.6,23.0,30080000.0,1200000000.0,1886
Premier League,Arsenal FC,2024-2025,38,20,14,4,69.0,1.9473684210526316,Premier League,Arsenal FC,42.0,24.5,26.0,27580000.0,1160000000.0,1886
Premier League,Aston Villa FC,2021-2022,38,13,6,19,52.0,1.1842105263157894,Premier League,Aston Villa FC,44.0,24.8,21.0,11090000.0,487750000.0,1874
Premier League,Aston Villa FC,2022-2023,38,18,7,13,51.0,1.605263157894737,Premier League,Aston Villa FC,43.0,25.4,23.0,11850000.0,509550000.0,1874
Premier League,Aston Villa FC,2023-2024,38,20,8,10,76.0,1.7894736842105263,Premier League,Aston Villa FC,45.0,25.0,23.0,15770000.0,709650000.0,1874
Premier League,Aston Villa FC,2024-2025,38,19,9,10,58.0,1.736842105263158,Premier League,Aston Villa FC,41.0,25.2,24.0,16600000.0,680550000.0,1874
Premier League,Brentford FC,2021-2022,38,13,7,18,48.0,1.2105263157894737,Premier League,Brentford FC,38.0,24.7,27.0,7190000.0,273300000.0,1889
Premier League,Brentford FC,2022-2023,38,15,14,9,58.0,1.5526315789473684,Premier League,Brentford FC,36.0,25.3,26.0,10310000.0,371200000.0,1889
Premier League,Brentford FC,2023-2024,38,10,9,19,56.0,1.0263157894736843,Premier League,Brentford FC,42.0,24.3,29.0,10210000.0,428780000.0,1889
Premier League,Brentford FC,2024-2025,38,16,8,14,66.0,1.4736842105263157,Premier League,Brentford FC,38.0,24.4,27.0,11260000.0,427850000.0,1889
Premier League,Brighton & Hove Albion FC,2021-2022,38,12,15,11,42.0,1.3421052631578947,Premier League,Brighton & Hove Albion FC,43.0,24.6,31.0,7400000.0,318000000.0,1901
Premier League,Brighton & Hove Albion FC,2022-2023,38,18,8,12,72.0,1.631578947368421,Premier League,Brighton & Hove Albion FC,42.0,24.1,28.0,12610000.0,529800000.0,1901
Premier League,Brighton & Hove Albion FC,2023-2024,38,12,12,14,55.0,1.263157894736842,Premier League,Brighton & Hove Albion FC,49.0,24.2,33.0,10700000.0,524400000.0,1901
Premier League,Brighton & Hove Albion FC,2024-2025,38,16,13,9,66.0,1.605263157894737,Premier League,Brighton & Hove Albion FC,49.0,24.2,33.0,13620000.0,667580000.0,1901
Premier League,Chelsea FC,2021-2022,38,21,11,6,76.0,1.9473684210526316,Premier League,Chelsea FC,44.0,25.6,26.0,20780000.0,914500000.0,1905
Premier League,Chelsea FC,2022-2023,38,11,11,16,38.0,1.1578947368421053,Premier League,Chelsea FC,43.0,25.2,27.0,23130000.0,994950000.0,1905
Premier League,Chelsea FC,2023-2024,38,18,9,11,77.0,1.6578947368421053,Premier League,Chelsea FC,56.0,22.2,26.0,18100000.0,1010000000.0,1905
Premier League,Chelsea FC,2024-2025,38,20,9,9,64.0,1.8157894736842104,Premier League,Chelsea FC,58.0,22.4,30.0,20590000.0,1190000000.0,1905
Premier League,Crystal Palace FC,2021-2022,38,11,15,12,50.0,1.263157894736842,Premier League,Crystal Palace FC,33.0,26.5,16.0,8210000.0,271050000.0,1905
Premier League,Crystal Palace FC,2022-2023,38,11,12,15,40.0,1.1842105263157894,Premier League,Crystal Palace FC,39.0,25.4,19.0,8280000.0,323050000.0,1905
Premier League,Crystal Palace FC,2023-2024,38,13,10,15,57.0,1.2894736842105263,Premier League,Crystal Palace FC,40.0,25.1,17.0,11160000.0,446550000.0,1905
Premier League,Crystal Palace FC,2024-2025,38,13,14,11,51.0,1.394736842105263,Premier League,Crystal Palace FC,40.0,26.2,18.0,13170000.0,526850000.0,1905
Premier League,Everton FC,2021-2022,38,11,6,21,43.0,1.0263157894736843,Premier League,Everton FC,42.0,26.0,24.0,11410000.0,479050000.0,1878
Premier League,Everton FC,2022-2023,38,8,12,18,34.0,0.9473684210526316,Premier League,Everton FC,40.0,26.9,21.0,10330000.0,413150000.0,1878
Premier League,Everton FC,2023-2024,38,13,9,16,40.0,1.263157894736842,Premier League,Everton FC,34.0,26.8,16.0,11520000.0,391750000.0,1878
Premier League,Everton FC,2024-2025,38,11,15,12,42.0,1.263157894736842,Premier League,Everton FC,39.0,25.8,21.0,9310000.0,363230000.0,1878
Premier League,Fulham FC,2022-2023,38,15,7,16,55.0,1.368421052631579,Premier League,Fulham FC,47.0,25.9,35.0,6280000.0,295100000.0,1879
Premier League,Fulham FC,2023-2024,38,13,8,17,55.0,1.236842105263158,Premier League,Fulham FC,35.0,26.9,31.0,10980000.0,384350000.0,1879
Premier League,Fulham FC,2024-2025,38,15,9,14,54.0,1.4210526315789471,Premier League,Fulham FC,28.0,27.7,21.0,12940000.0,362350000.0,1879
Premier League,Ipswich Town FC,2024-2025,38,4,10,24,36.0,0.5789473684210527,Premier League,Ipswich Town FC,35.0,26.6,17.0,7720000.0,270100000.0,1878
Premier League,Leeds United FC,2021-2022,38,9,11,18,42.0,1.0,Premier League,Leeds United FC,35.0,24.9,20.0,8560000.0,299450000.0,1919
Premier League,Leeds United FC,2022-2023,38,7,10,21,48.0,0.8157894736842105,Premier League,Leeds United FC,47.0,24.6,31.0,7340000.0,345150000.0,1919
Premier League,Leicester City FC,2021-2022,38,14,10,14,62.0,1.368421052631579,Premier League,Leicester City FC,40.0,25.7,26.0,13160000.0,526550000.0,1884
Premier League,Leicester City FC,2022-2023,38,9,7,22,51.0,0.8947368421052632,Premier League,Leicester City FC,38.0,26.4,25.0,12910000.0,490700000.0,1884
Premier League,Leicester City FC,2024-2025,38,6,7,25,33.0,0.6578947368421053,Premier League,Leicester City FC,40.0,25.3,24.0,6330000.0,253350000.0,1884
Premier League,Liverpool FC,2021-2022,38,28,8,2,94.0,2.4210526315789473,Premier League,Liverpool FC,49.0,24.5,29.0,18750000.0,918900000.0,1892
Premier League,Liverpool FC,2022-2023,38,19,10,9,75.0,1.763157894736842,Premier League,Liverpool FC,39.0,25.3,24.0,20820000.0,811850000.0,1892
Premier League,Liverpool FC,2023-2024,38,24,10,4,86.0,2.1578947368421053,Premier League,Liverpool FC,45.0,24.2,30.0,21240000.0,955650000.0,1892
Premier League,Liverpool FC,2024-2025,38,25,9,4,86.0,2.210526315789474,Premier League,Liverpool FC,35.0,24.7,21.0,27170000.0,950950000.0,1892
Premier League,Luton Town FC,2023-2024,38,6,8,24,52.0,0.6842105263157895,Premier League,Luton Town FC,46.0,25.7,22.0,3060000.0,140900000.0,1885
Premier League,Manchester City FC,2021-2022,38,29,6,3,99.0,2.4473684210526314,Premier League,Manchester City FC,39.0,24.7,23.0,25740000.0,1000000000.0,1880
Premier League,Manchester City FC,2022-2023,38,28,5,5,94.0,2.3421052631578947,Premier League,Manchester City FC,34.0,26.0,21.0,33700000.0,1150000000.0,1880
Premier League,Manchester City FC,2023-2024,38,28,7,3,96.0,2.3947368421052633,Premier League,Manchester City FC,36.0,25.7,21.0,40630000.0,1460000000.0,1880
Premier League,Manchester City FC,2024-2025,38,21,8,9,72.0,1.868421052631579,Premier League,Manchester City FC,44.0,25.6,27.0,30860000.0,1360000000.0,1880
Premier League,Manchester United FC,2021-2022,38,16,10,12,57.0,1.5263157894736843,Premier League,Manchester United FC,43.0,26.0,29.0,17890000.0,769150000.0,1878
Premier League,Manchester United FC,2022-2023,38,23,6,9,58.0,1.9736842105263157,Premier League,Manchester United FC,48.0,25.4,30.0,17660000.0,847750000.0,1878
Premier League,Manchester United FC,2023-2024,38,18,6,14,57.0,1.5789473684210529,Premier League,Manchester United FC,46.0,24.9,28.0,17570000.0,808350000.0,1878
Premier League,Manchester United FC,2024-2025,38,11,9,18,44.0,1.105263157894737,Premier League,Manchester United FC,49.0,24.0,29.0,16840000.0,825000000.0,1878
Premier League,Newcastle United FC,2021-2022,38,13,10,15,44.0,1.2894736842105263,Premier League,Newcastle United FC,44.0,27.9,29.0,9230000.0,313900000.0,1892
Premier League,Newcastle United FC,2022-2023,38,19,14,5,68.0,1.868421052631579,Premier League,Newcastle United FC,38.0,28.3,22.0,14250000.0,541600000.0,1892
Premier League,Newcastle United FC,2023-2024,38,18,6,14,85.0,1.5789473684210529,Premier League,Newcastle United FC,45.0,26.3,21.0,14490000.0,652250000.0,1892
Premier League,Newcastle United FC,2024-2025,38,20,6,12,68.0,1.736842105263158,Premier League,Newcastle United FC,36.0,27.5,15.0,18820000.0,677530000.0,1892
Premier League,Norwich City FC,2021-2022,38,5,7,26,23.0,0.5789473684210527,Premier League,Norwich City FC,45.0,24.7,29.0,3630000.0,163200000.0,1902
Premier League,Nottingham Forest FC,2022-2023,38,9,11,18,38.0,1.0,Premier League,Nottingham Forest FC,50.0,26.6,29.0,7530000.0,376250000.0,1865
Premier League,Nottingham Forest FC,2023-2024,38,9,9,20,49.0,0.9473684210526316,Premier League,Nottingham Forest FC,46.0,26.6,36.0,10900000.0,501350000.0,1865
Premier League,Nottingham Forest FC,2024-2025,38,19,8,11,58.0,1.7105263157894737,Premier League,Nottingham Forest FC,33.0,26.8,23.0,14580000.0,481300000.0,1865
Premier League,Sheffield United FC,2023-2024,38,3,7,28,35.0,0.4210526315789473,Premier League,Sheffield United FC,45.0,24.7,26.0,3390000.0,152350000.0,1889
Premier League,Southampton FC,2021-2022,38,9,13,16,43.0,1.0526315789473684,Premier League,Southampton FC,33.0,25.6,19.0,8310000.0,274300000.0,1885
Premier League,Southampton FC,2022-2023,38,6,7,25,36.0,0.6578947368421053,Premier League,Southampton FC,46.0,24.8,25.0,9130000.0,419950000.0,1885
Premier League,Southampton FC,2024-2025,38,2,6,30,26.0,0.3157894736842105,Premier League,Southampton FC,42.0,25.3,23.0,7380000.0,310050000.0,1885
Premier League,Tottenham Hotspur FC,2021-2022,38,22,5,11,69.0,1.868421052631579,Premier League,Tottenham Hotspur FC,45.0,24.0,26.0,15320000.0,689350000.0,1882
Premier League,Tottenham Hotspur FC,2022-2023,38,18,6,14,70.0,1.5789473684210529,Premier League,Tottenham Hotspur FC,42.0,25.9,21.0,19090000.0,649100000.0,1882
Premier League,Tottenham Hotspur FC,2023-2024,38,20,6,12,74.0,1.736842105263158,Premier League,Tottenham Hotspur FC,41.0,25.6,28.0,20450000.0,838500000.0,1882
Premier League,Tottenham Hotspur FC,2024-2025,38,11,5,22,64.0,1.0,Premier League,Tottenham Hotspur FC,41.0,24.0,23.0,18960000.0,777300000.0,1882
Premier League,Watford FC,2021-2022,38,6,5,27,34.0,0.6052631578947368,Premier League,Watford FC,47.0,26.4,36.0,3320000.0,156200000.0,1881
Premier League,West Ham United FC,2021-2022,38,16,8,14,60.0,1.4736842105263157,Premier League,West Ham United FC,37.0,26.3,20.0,9590000.0,354900000.0,1895
Premier League,West Ham United FC,2022-2023,38,11,7,20,42.0,1.0526315789473684,Premier League,West Ham United FC,44.0,25.4,25.0,10580000.0,465600000.0,1895
Premier League,West Ham United FC,2023-2024,38,14,10,14,60.0,1.368421052631579,Premier League,West Ham United FC,36.0,26.6,20.0,13540000.0,487500000.0,1895
Premier League,West Ham United FC,2024-2025,38,11,10,17,46.0,1.131578947368421,Premier League,West Ham United FC,29.0,28.0,19.0,13820000.0,400700000.0,1895
Premier League,Wolverhampton Wanderers FC,2021-2022,38,15,6,17,38.0,1.3421052631578947,Premier League,Wolverhampton Wanderers FC,38.0,24.8,30.0,9920000.0,376950000.0,1877
Premier League,Wolverhampton Wanderers FC,2022-2023,38,11,8,19,31.0,1.0789473684210529,Premier League,Wolverhampton Wanderers FC,43.0,25.8,34.0,11570000.0,497650000.0,1877
Premier League,Wolverhampton Wanderers FC,2023-2024,38,13,7,18,50.0,1.2105263157894737,Premier League,Wolverhampton Wanderers FC,47.0,25.3,32.0,9420000.0,442730000.0,1877
Premier League,Wolverhampton Wanderers FC,2024-2025,38,12,6,20,54.0,1.105263157894737,Premier League,Wolverhampton Wanderers FC,44.0,25.3,33.0,9840000.0,433050000.0,1877
Serie A,AC Milan,2021-2022,76,52,16,8,138.0,2.263157894736842,Serie A,AC Milan,37.0,25.8,22.0,14780000.0,546950000.0,1899
Serie A,AC Milan,2022-2023,76,40,20,16,128.0,1.8421052631578947,Serie A,AC Milan,36.0,26.4,27.0,15140000.0,545100000.0,1899
Serie A,AC Milan,2023-2024,38,22,9,7,76.0,1.9736842105263157,Serie A,AC Milan,42.0,24.6,26.0,13610000.0,571410000.0,1899
Serie A,AC Milan,2024-2025,76,36,18,22,122.0,1.6578947368421053,Serie A,AC Milan,41.0,25.1,28.0,14190000.0,581700000.0,1899
Serie A,AC Monza,2022-2023,38,14,10,14,48.0,1.368421052631579,Serie A,AC Monza,41.0,26.6,12.0,3310000.0,135700000.0,1912
Serie A,AC Monza,2023-2024,38,11,12,15,39.0,1.1842105263157894,Serie A,AC Monza,39.0,26.6,13.0,3680000.0,143430000.0,1912
Serie A,AC Monza,2024-2025,38,3,9,26,28.0,0.4736842105263157,Serie A,AC Monza,46.0,26.3,16.0,2080000.0,95830000.0,1912
Serie A,ACF Fiorentina,2021-2022,38,19,5,14,59.0,1.631578947368421,Serie A,ACF Fiorentina,38.0,25.9,22.0,8570000.0,325800000.0,1926
Serie A,ACF Fiorentina,2022-2023,38,15,11,12,53.0,1.4736842105263157,Serie A,ACF Fiorentina,38.0,25.6,18.0,6810000.0,258800000.0,1926
Serie A,ACF Fiorentina,2023-2024,38,17,9,12,61.0,1.5789473684210529,Serie A,ACF Fiorentina,41.0,25.7,21.0,6930000.0,284100000.0,1926
Serie A,ACF Fiorentina,2024-2025,37,18,8,11,57.0,1.6756756756756757,Serie A,ACF Fiorentina,44.0,25.2,18.0,8370000.0,368130000.0,1926
Serie A,AS Roma,2021-2022,38,18,9,11,59.0,1.6578947368421053,Serie A,AS Roma,39.0,24.3,25.0,9780000.0,381250000.0,1927
Serie A,AS Roma,2022-2023,38,18,9,11,50.0,1.6578947368421053,Serie A,AS Roma,47.0,24.2,27.0,7690000.0,361380000.0,1927
Serie A,AS Roma,2023-2024,38,18,9,11,65.0,1.6578947368421053,Serie A,AS Roma,41.0,25.2,24.0,8300000.0,340400000.0,1927
Serie A,AS Roma,2024-2025,38,20,9,9,56.0,1.8157894736842104,Serie A,AS Roma,39.0,25.7,28.0,10010000.0,390300000.0,1927
Serie A,Atalanta BC,2021-2022,38,16,11,11,65.0,1.5526315789473684,Serie A,Atalanta BC,44.0,24.9,24.0,9060000.0,398750000.0,1907
Serie A,Atalanta BC,2022-2023,38,19,7,12,66.0,1.6842105263157894,Serie A,Atalanta BC,38.0,24.9,20.0,8900000.0,338380000.0,1907
Serie A,Atalanta BC,2023-2024,38,21,6,11,72.0,1.8157894736842104,Serie A,Atalanta BC,42.0,25.2,21.0,10380000.0,436050000.0,1907
Serie A,Atalanta BC,2024-2025,38,22,8,8,78.0,1.9473684210526316,Serie A,Atalanta BC,44.0,25.4,20.0,11390000.0,501200000.0,1907
Serie A,Bologna FC 1909,2021-2022,38,12,10,16,44.0,1.2105263157894737,Serie A,Bologna FC 1909,45.0,24.2,28.0,4140000.0,186200000.0,1909
Serie A,Bologna FC 1909,2022-2023,38,14,12,12,53.0,1.4210526315789471,Serie A,Bologna FC 1909,38.0,25.3,22.0,4040000.0,153630000.0,1909
Serie A,Bologna FC 1909,2023-2024,38,18,14,6,54.0,1.7894736842105263,Serie A,Bologna FC 1909,37.0,25.1,26.0,9440000.0,349300000.0,1909
Serie A,Bologna FC 1909,2024-2025,38,16,14,8,57.0,1.631578947368421,Serie A,Bologna FC 1909,38.0,25.2,25.0,8960000.0,340650000.0,1909
Serie A,Cagliari Calcio,2021-2022,38,6,12,20,34.0,0.7894736842105263,Serie A,Cagliari Calcio,46.0,25.5,23.0,2920000.0,134530000.0,1920
Serie A,Cagliari Calcio,2023-2024,38,8,12,18,42.0,0.9473684210526316,Serie A,Cagliari Calcio,38.0,27.0,19.0,2430000.0,92230000.0,1920
Serie A,Cagliari Calcio,2024-2025,38,9,9,20,40.0,0.9473684210526316,Serie A,Cagliari Calcio,36.0,26.7,18.0,2600000.0,93630000.0,1920
Serie A,Como 1907,2024-2025,38,13,10,15,49.0,1.2894736842105263,Serie A,Como 1907,51.0,26.5,31.0,3990000.0,203430000.0,1907
Serie A,Empoli FC,2021-2022,38,10,11,17,50.0,1.0789473684210529,Serie A,Empoli FC,40.0,25.0,12.0,3150000.0,126400000.0,1920
Serie A,Empoli FC,2022-2023,38,10,13,15,37.0,1.131578947368421,Serie A,Empoli FC,44.0,24.8,19.0,2530000.0,125530000.0,1920
Serie A,Empoli FC,2023-2024,38,9,9,20,29.0,0.9473684210526316,Serie A,Empoli FC,47.0,25.3,20.0,2180000.0,102330000.0,1920
Serie A,Empoli FC,2024-2025,38,6,13,19,33.0,0.8157894736842105,Serie A,Empoli FC,52.0,24.5,28.0,2050000.0,106580000.0,1920
Serie A,FC Internazionale Milano,2021-2022,38,25,9,4,84.0,2.210526315789474,Serie A,FC Internazionale Milano,36.0,27.7,20.0,15520000.0,558550000.0,1908
Serie A,FC Internazionale Milano,2022-2023,38,23,3,12,71.0,1.894736842105263,Serie A,FC Internazionale Milano,35.0,26.9,22.0,16220000.0,567550000.0,1908
Serie A,FC Internazionale Milano,2023-2024,38,29,7,2,89.0,2.473684210526316,Serie A,FC Internazionale Milano,35.0,27.1,24.0,18710000.0,654850000.0,1908
Serie A,FC Internazionale Milano,2024-2025,37,24,9,4,79.0,2.189189189189189,Serie A,FC Internazionale Milano,46.0,25.5,26.0,16130000.0,741850000.0,1908
Serie A,Frosinone Calcio,2023-2024,38,8,11,19,44.0,0.9210526315789472,Serie A,Frosinone Calcio,48.0,24.9,26.0,2260000.0,108400000.0,1906
Serie A,Genoa CFC,2021-2022,38,4,16,18,27.0,0.7368421052631579,Serie A,Genoa CFC,47.0,26.5,24.0,2580000.0,121280000.0,1893
Serie A,Genoa CFC,2023-2024,38,12,13,13,45.0,1.2894736842105263,Serie A,Genoa CFC,44.0,25.9,29.0,4440000.0,195400000.0,1893
Serie A,Genoa CFC,2024-2025,38,10,13,15,37.0,1.131578947368421,Serie A,Genoa CFC,48.0,24.9,27.0,3650000.0,175350000.0,1893
Serie A,Hellas Verona FC,2021-2022,38,14,11,13,65.0,1.394736842105263,Serie A,Hellas Verona FC,43.0,25.2,19.0,3790000.0,162980000.0,1903
Serie A,Hellas Verona FC,2022-2023,38,7,10,21,31.0,0.8157894736842105,Serie A,Hellas Verona FC,46.0,25.2,26.0,2690000.0,123890000.0,1903
Serie A,Hellas Verona FC,2023-2024,38,9,11,18,38.0,1.0,Serie A,Hellas Verona FC,50.0,25.1,32.0,2810000.0,140700000.0,1903
Serie A,Hellas Verona FC,2024-2025,38,10,7,21,34.0,0.9736842105263158,Serie A,Hellas Verona FC,42.0,25.2,31.0,2550000.0,107350000.0,1903
Serie A,Juventus FC,2021-2022,38,20,10,8,57.0,1.8421052631578947,Serie A,Juventus FC,43.0,25.5,24.0,14940000.0,642500000.0,1897
Serie A,Juventus FC,2022-2023,38,22,6,10,56.0,1.894736842105263,Serie A,Juventus FC,40.0,25.9,19.0,12080000.0,483130000.0,1897
Serie A,Juventus FC,2023-2024,38,19,14,5,54.0,1.868421052631579,Serie A,Juventus FC,39.0,25.2,19.0,12940000.0,504530000.0,1897
Serie A,Juventus FC,2024-2025,38,18,16,4,58.0,1.8421052631578947,Serie A,Juventus FC,43.0,24.6,25.0,14620000.0,628730000.0,1897
Serie A,Parma Calcio 1913,2024-2025,38,7,15,16,44.0,0.9473684210526316,Serie A,Parma Calcio 1913,40.0,25.1,28.0,4380000.0,175110000.0,1913
Serie A,SS Lazio,2021-2022,76,36,20,20,154.0,1.6842105263157894,Serie A,SS Lazio,35.0,27.5,24.0,7560000.0,264530000.0,1900
Serie A,SS Lazio,2022-2023,76,44,16,16,120.0,1.9473684210526316,Serie A,SS Lazio,33.0,26.5,20.0,8070000.0,266430000.0,1900
Serie A,SS Lazio,2023-2024,76,36,14,26,98.0,1.605263157894737,Serie A,SS Lazio,37.0,26.4,20.0,6090000.0,225450000.0,1900
Serie A,SS Lazio,2024-2025,76,36,22,18,122.0,1.7105263157894737,Serie A,SS Lazio,41.0,26.0,25.0,7190000.0,294900000.0,1900
Serie A,SSC Napoli,2021-2022,38,24,7,7,74.0,2.0789473684210527,Serie A,SSC Napoli,37.0,25.8,20.0,12900000.0,477230000.0,1926
Serie A,SSC Napoli,2022-2023,38,28,6,4,77.0,2.3684210526315788,Serie A,SSC Napoli,31.0,26.7,20.0,21100000.0,654080000.0,1926
Serie A,SSC Napoli,2023-2024,38,13,14,11,55.0,1.394736842105263,Serie A,SSC Napoli,35.0,26.5,22.0,14740000.0,515000000.0,1926
Serie A,SSC Napoli,2024-2025,38,24,10,4,59.0,2.1578947368421053,Serie A,SSC Napoli,37.0,26.9,18.0,13530000.0,500450000.0,1926
Serie A,Spezia Calcio,2021-2022,38,10,6,22,41.0,0.9473684210526316,Serie A,Spezia Calcio,34.0,24.1,23.0,2310000.0,78500000.0,1906
Serie A,Spezia Calcio,2022-2023,38,6,13,19,31.0,0.8157894736842105,Serie A,Spezia Calcio,48.0,24.9,34.0,2410000.0,115800000.0,1906
Serie A,Torino FC,2021-2022,38,13,11,14,46.0,1.3157894736842106,Serie A,Torino FC,41.0,25.3,25.0,5450000.0,223400000.0,1906
Serie A,Torino FC,2022-2023,38,14,11,13,42.0,1.394736842105263,Serie A,Torino FC,38.0,24.3,29.0,5190000.0,197190000.0,1906
Serie A,Torino FC,2023-2024,38,13,14,11,36.0,1.394736842105263,Serie A,Torino FC,45.0,24.3,33.0,5170000.0,232730000.0,1906
Serie A,Torino FC,2024-2025,38,10,14,14,39.0,1.1578947368421053,Serie A,Torino FC,48.0,24.9,34.0,4570000.0,219280000.0,1906
Serie A,UC Sampdoria,2021-2022,38,10,6,22,46.0,0.9473684210526316,Serie A,UC Sampdoria,46.0,26.7,20.0,2790000.0,128550000.0,1946
Serie A,UC Sampdoria,2022-2023,38,3,10,25,24.0,0.5,Serie A,UC Sampdoria,48.0,26.4,27.0,1730000.0,82960000.0,1946
Serie A,US Cremonese,2022-2023,38,5,12,21,36.0,0.7105263157894737,Serie A,US Cremonese,42.0,26.2,19.0,1990000.0,83780000.0,1903
Serie A,US Lecce,2022-2023,38,8,12,18,33.0,0.9473684210526316,Serie A,US Lecce,39.0,25.1,23.0,2700000.0,105200000.0,1908
Serie A,US Lecce,2023-2024,38,8,14,16,32.0,1.0,Serie A,US Lecce,39.0,24.6,30.0,2760000.0,107730000.0,1908
Serie A,US Lecce,2024-2025,38,8,10,20,27.0,0.8947368421052632,Serie A,US Lecce,44.0,24.8,37.0,2580000.0,113430000.0,1908
Serie A,US Salernitana 1919,2021-2022,76,14,20,42,66.0,0.8157894736842105,Serie A,US Salernitana 1919,51.0,26.3,26.0,1380000.0,70560000.0,1919
Serie A,US Salernitana 1919,2022-2023,76,18,30,28,96.0,1.105263157894737,Serie A,US Salernitana 1919,45.0,26.9,27.0,2630000.0,118350000.0,1919
Serie A,US Salernitana 1919,2023-2024,76,4,22,50,64.0,0.4473684210526316,Serie A,US Salernitana 1919,50.0,25.6,31.0,1890000.0,94600000.0,1919
Serie A,US Sassuolo Calcio,2021-2022,38,13,11,14,64.0,1.3157894736842106,Serie A,US Sassuolo Calcio,43.0,25.5,22.0,5840000.0,251000000.0,1920
Serie A,US Sassuolo Calcio,2022-2023,38,12,9,17,47.0,1.1842105263157894,Serie A,US Sassuolo Calcio,35.0,25.4,19.0,6630000.0,232200000.0,1920
Serie A,US Sassuolo Calcio,2023-2024,38,7,9,22,43.0,0.7894736842105263,Serie A,US Sassuolo Calcio,38.0,25.5,21.0,3670000.0,139540000.0,1920
Serie A,Udinese Calcio,2021-2022,38,11,14,13,61.0,1.236842105263158,Serie A,Udinese Calcio,44.0,25.4,26.0,3230000.0,142300000.0,1896
Serie A,Udinese Calcio,2022-2023,38,11,13,14,47.0,1.2105263157894737,Serie A,Udinese Calcio,38.0,25.3,28.0,4970000.0,188860000.0,1896
Serie A,Udinese Calcio,2023-2024,38,6,19,13,37.0,0.9736842105263158,Serie A,Udinese Calcio,45.0,24.7,36.0,3780000.0,170060000.0,1896
Serie A,Udinese Calcio,2024-2025,38,12,8,18,41.0,1.1578947368421053,Serie A,Udinese Calcio,40.0,25.7,34.0,4970000.0,198900000.0,1896
Serie A,Venezia FC,2021-2022,38,6,9,23,34.0,0.7105263157894737,Serie A,Venezia FC,51.0,25.2,35.0,1590000.0,80980000.0,1907
Serie A,Venezia FC,2024-2025,38,5,14,19,32.0,0.7631578947368421,Serie A,Venezia FC,41.0,25.9,26.0,2330000.0,95600000.0,1907
